City_ID,City,Country,Date,Lat,Lng,Max Temp,Humidity,Cloudiness,Wind Speed
0,Cherskiy,RU,2020-09-30 00:59:59,68.75,161.3,45.46,58,100,16.62
1,Bereda,ES,2020-09-30 01:00:54,43.27,-7.54,53.01,100,1,1.01
2,Upernavik,GL,2020-09-30 01:09:34,72.79,-56.15,23.61,87,74,7.63
3,Busselton,AU,2020-09-30 01:09:34,-33.65,115.33,64.0,80,93,11.14
4,Mandeville,JM,2020-09-30 01:09:34,18.04,-77.51,78.8,83,75,2.24
5,Kirakira,SB,2020-09-30 01:09:35,-10.45,161.92,83.19,77,24,12.03
6,Hermanus,ZA,2020-09-30 01:09:35,-34.42,19.23,45.0,93,29,3.67
7,Banepa,NP,2020-09-30 01:09:35,27.63,85.52,69.8,94,75,2.24
8,Hamilton,US,2020-09-30 01:09:35,39.18,-84.53,54.0,87,75,4.7
9,Natal,BR,2020-09-30 01:09:35,-5.79,-35.21,73.4,88,20,5.82
10,Moron,AR,2020-09-30 01:06:57,-34.65,-58.62,68.0,58,0,3.0
11,Nioro,GM,2020-09-30 01:09:36,13.35,-15.75,78.08,89,100,4.7
12,Yellowknife,CA,2020-09-30 01:04:53,62.46,-114.35,42.8,87,75,12.75
13,Hay River,CA,2020-09-30 01:09:36,60.82,-115.8,48.2,81,75,20.8
14,Vaini,TO,2020-09-30 00:59:44,-21.2,-175.2,80.6,83,90,14.99
15,Severo-Kurilsk,RU,2020-09-30 01:00:24,50.68,156.12,55.27,68,100,10.18
16,Alihe,CN,2020-09-30 01:05:15,50.57,123.72,50.85,54,0,1.03
17,Salair,RU,2020-09-30 01:09:37,54.23,85.8,27.03,98,16,7.11
18,Punta Arenas,CL,2020-09-30 01:09:37,-53.15,-70.92,33.8,86,40,26.4
19,Tuktoyaktuk,CA,2020-09-30 01:09:37,69.45,-133.04,37.4,93,90,2.24
20,Pacific Grove,US,2020-09-30 01:06:26,36.62,-121.92,61.0,92,28,1.01
21,Hervey Bay,AU,2020-09-30 01:02:06,-25.3,152.85,75.0,49,0,5.01
22,Hays,US,2020-09-30 01:09:38,30.05,-98.03,70.0,48,0,2.62
23,Geraldton,AU,2020-09-30 01:09:38,-28.77,114.6,66.2,59,0,12.75
24,Qaanaaq,GL,2020-09-30 00:56:20,77.48,-69.36,14.59,78,7,5.41
25,Richards Bay,ZA,2020-09-30 01:09:38,-28.78,32.04,61.56,85,87,4.92
26,Port Elizabeth,ZA,2020-09-30 00:59:06,-33.92,25.57,48.2,93,16,4.7
27,Khatanga,RU,2020-09-30 01:00:14,71.97,102.5,30.97,99,100,13.29
28,Mitu,CO,2020-09-30 01:02:09,1.2,-70.17,74.41,90,8,0.47
29,Albany,US,2020-09-30 01:07:24,42.6,-73.97,61.0,84,100,3.58
30,Manavalakurichi,IN,2020-09-30 01:09:39,8.13,77.3,78.8,94,40,3.36
31,Cabo San Lucas,MX,2020-09-30 01:06:10,22.89,-109.91,88.0,58,5,6.93
32,Rikitea,PF,2020-09-30 01:09:39,-23.12,-134.97,69.89,78,70,21.85
33,Muzhi,RU,2020-09-30 01:09:39,65.37,64.67,48.51,82,84,10.89
34,Dikson,RU,2020-09-30 01:09:40,73.51,80.55,35.42,83,100,16.17
35,Cape Town,ZA,2020-09-30 00:56:06,-33.93,18.42,55.0,76,54,10.29
36,Tonj,SS,2020-09-30 01:09:40,7.27,28.68,70.93,86,100,2.19
37,Faanui,PF,2020-09-30 01:09:40,-16.48,-151.75,78.44,79,2,21.43
38,Georgetown,MY,2020-09-30 01:08:13,5.41,100.34,82.4,94,20,3.36
39,Provideniya,RU,2020-09-30 01:09:41,64.38,-173.3,44.6,70,90,4.47
40,Saint-Philippe,RE,2020-09-30 00:56:37,-21.36,55.77,69.8,72,38,6.93
41,Jinka,ET,2020-09-30 01:09:41,5.65,36.65,64.4,86,94,2.17
42,Mar Del Plata,AR,2020-09-30 00:57:43,-38.0,-57.56,63.0,63,100,8.05
43,Butaritari,KI,2020-09-30 01:09:42,3.07,172.79,82.18,75,4,14.34
44,Zatyshshya,UA,2020-09-30 01:09:42,47.33,29.87,55.83,88,100,7.25
45,Coquimbo,CL,2020-09-30 01:09:42,-29.95,-71.34,53.6,76,0,6.93
46,Port Moresby,PG,2020-09-30 01:08:40,-9.44,147.18,82.4,78,75,11.41
47,Mataura,NZ,2020-09-30 01:09:42,-46.19,168.86,42.91,95,100,7.2
48,Kortkeros,RU,2020-09-30 01:09:42,61.81,51.58,37.4,100,95,4.47
49,Narsaq,GL,2020-09-30 00:59:58,60.92,-46.05,30.2,58,0,2.24
50,Hobart,AU,2020-09-30 01:09:32,-42.88,147.33,63.0,62,75,11.41
51,Leningradskiy,RU,2020-09-30 01:01:37,69.38,178.42,38.17,76,95,6.24
52,Dingle,PH,2020-09-30 00:58:08,11.0,122.67,82.18,78,100,2.53
53,Kodiak,US,2020-09-30 00:59:55,57.79,-152.41,48.2,87,90,28.86
54,Port-Gentil,GA,2020-09-30 01:01:16,-0.72,8.78,76.77,78,100,11.25
55,Fairbanks,US,2020-09-30 00:55:32,64.84,-147.72,55.4,43,1,5.12
56,Point Pedro,LK,2020-09-30 01:09:43,9.82,80.23,80.22,80,100,10.83
57,Ribeira Grande,PT,2020-09-30 01:09:43,38.52,-28.7,66.43,70,1,10.6
58,Palpa,PE,2020-09-30 01:09:44,-14.53,-75.19,63.09,67,23,1.95
59,Saint George,US,2020-09-30 01:00:08,37.1,-113.58,89.6,7,1,2.44
60,Saskylakh,RU,2020-09-30 00:58:52,71.92,114.08,27.95,96,3,5.57
61,Jamestown,US,2020-09-30 01:05:03,42.1,-79.24,55.99,81,90,6.93
62,Ushuaia,AR,2020-09-30 01:05:51,-54.8,-68.3,33.8,80,40,13.87
63,Hithadhoo,MV,2020-09-30 01:09:44,-0.6,73.08,83.01,74,100,7.4
64,Freeport,US,2020-09-30 01:08:11,40.66,-73.58,71.01,100,90,9.17
65,Bredasdorp,ZA,2020-09-30 01:09:45,-34.53,20.04,50.0,81,13,1.12
66,Nhulunbuy,AU,2020-09-30 01:09:45,-12.23,136.77,86.0,55,40,14.99
67,Norman Wells,CA,2020-09-30 01:09:45,65.28,-126.83,44.6,65,75,9.17
68,Cazones,MX,2020-09-30 01:09:45,20.72,-97.32,71.6,68,90,6.93
69,Armizonskoye,RU,2020-09-30 01:09:46,55.95,67.67,37.67,78,0,3.65
70,High Level,CA,2020-09-30 01:09:46,58.52,-117.14,57.2,47,20,16.11
71,Isla Mujeres,MX,2020-09-30 01:09:46,21.23,-86.73,78.01,88,40,12.26
72,Vostok,RU,2020-09-30 01:00:24,46.49,135.88,51.17,68,0,3.36
73,Tiksi,RU,2020-09-30 01:01:17,71.69,128.87,34.18,96,100,17.96
74,Vardo,NO,2020-09-30 01:01:52,70.37,31.11,49.75,84,0,7.27
75,Bathsheba,BB,2020-09-30 01:00:13,13.22,-59.52,82.4,83,75,20.8
76,Kavieng,PG,2020-09-30 01:09:47,-2.57,150.8,84.33,69,100,5.88
77,Kochevo,RU,2020-09-30 01:09:47,59.6,54.31,44.19,93,82,2.35
78,Faya,SA,2020-09-30 01:00:00,18.39,42.45,62.6,51,0,0.36
79,Kloulklubed,PW,2020-09-30 01:09:47,7.04,134.26,82.4,83,90,3.36
80,Pisco,PE,2020-09-30 01:01:28,-13.7,-76.22,62.6,82,25,17.22
81,Thompson,CA,2020-09-30 01:09:48,55.74,-97.86,50.0,76,75,4.7
82,Arraial Do Cabo,BR,2020-09-30 01:00:06,-22.97,-42.03,75.2,88,75,5.82
83,New Norfolk,AU,2020-09-30 01:09:48,-42.78,147.06,63.0,69,90,1.01
84,Huarmey,PE,2020-09-30 01:09:48,-10.07,-78.15,62.29,83,83,7.47
85,Khorixas,NA,2020-09-30 01:09:49,-20.37,14.97,51.96,43,0,1.9
86,Barrow,US,2020-09-30 01:09:49,71.29,-156.79,33.8,80,90,10.29
87,Clyde River,CA,2020-09-30 01:01:07,70.47,-68.59,28.4,79,90,11.41
88,Fortuna,US,2020-09-30 00:58:00,40.6,-124.16,64.4,77,1,8.05
89,Port Blair,IN,2020-09-30 00:56:38,11.67,92.75,82.27,80,78,18.21
90,Medea,DZ,2020-09-30 01:09:49,36.26,2.75,66.2,93,99,4.7
91,Nur,PL,2020-09-30 01:09:50,52.67,22.32,51.21,90,100,10.96
92,Saint-Joseph,RE,2020-09-30 01:09:50,-21.37,55.62,68.0,72,23,6.93
93,Bilibino,RU,2020-09-30 01:01:28,68.05,166.44,40.86,65,91,2.59
94,Batemans Bay,AU,2020-09-30 01:01:55,-35.72,150.18,63.0,69,100,5.01
95,Concarneau,FR,2020-09-30 01:09:50,47.88,-3.92,57.2,93,90,6.64
96,Atuona,PF,2020-09-30 01:09:50,-9.8,-139.03,78.55,72,0,17.43
97,Paita,PE,2020-09-30 01:01:18,-5.09,-81.11,61.7,85,0,12.62
98,Homer,US,2020-09-30 01:09:51,59.64,-151.55,53.6,46,1,13.87
99,Bluff,NZ,2020-09-30 01:09:51,-46.6,168.33,48.42,81,84,17.49
100,Wajir,KE,2020-09-30 01:09:51,1.75,40.06,72.7,77,23,11.36
101,Torbay,CA,2020-09-30 01:09:51,47.67,-52.73,64.0,1,2,4.0
102,Praia Da Vitoria,PT,2020-09-30 01:09:52,38.73,-27.07,66.2,72,75,7.76
103,Srednekolymsk,RU,2020-09-30 01:00:20,67.45,153.68,46.0,82,100,6.55
104,Sydney,AU,2020-09-30 01:06:20,-33.87,151.21,68.0,49,100,11.41
105,Puerto Ayora,EC,2020-09-30 01:09:52,-0.74,-90.35,68.0,91,65,10.0
106,Souillac,MU,2020-09-30 01:00:10,-20.52,57.52,71.6,88,75,6.93
107,Thai Binh,VN,2020-09-30 01:09:53,20.45,106.33,86.0,84,13,2.24
108,Requena,ES,2020-09-30 01:09:53,39.49,-1.1,54.0,89,100,1.41
109,Veshenskaya,RU,2020-09-30 01:09:53,49.63,41.73,52.66,43,90,12.53
110,Avarua,CK,2020-09-30 01:09:53,-21.21,-159.78,78.8,78,24,25.28
111,Goderich,CA,2020-09-30 01:00:50,43.75,-81.72,60.01,66,100,1.99
112,Kapaa,US,2020-09-30 01:09:53,22.08,-159.32,84.99,66,1,10.29
113,Ahipara,NZ,2020-09-30 01:01:05,-35.17,173.17,58.42,52,12,10.76
114,Lavrentiya,RU,2020-09-30 01:09:54,65.58,-171.0,37.9,76,0,0.96
115,Carutapera,BR,2020-09-30 01:02:13,-1.2,-46.02,78.4,83,2,6.51
116,Moyo,UG,2020-09-30 01:09:54,3.66,31.72,64.13,99,100,1.7
117,Sterling,US,2020-09-30 01:09:54,39.01,-77.43,57.2,87,90,14.99
118,Mezen,RU,2020-09-30 01:09:55,65.85,44.24,42.64,96,3,5.61
119,Magadan,RU,2020-09-30 01:09:55,59.57,150.8,44.51,83,100,5.59
120,Bulungu,CD,2020-09-30 01:09:55,-4.55,18.6,70.57,95,36,0.74
121,Antofagasta,CL,2020-09-30 00:58:43,-23.65,-70.4,57.2,82,20,12.75
122,Guerrero Negro,MX,2020-09-30 01:09:55,27.98,-114.06,84.69,39,0,12.5
123,Kemijarvi,FI,2020-09-30 01:09:56,66.71,27.43,43.34,95,94,3.2
124,Chokurdakh,RU,2020-09-30 01:09:56,70.63,147.92,43.07,76,100,7.25
125,Leon Valley,US,2020-09-30 01:09:56,29.5,-98.62,78.8,19,1,5.82
126,Warri,NG,2020-09-30 01:09:57,5.52,5.75,74.64,93,100,3.58
127,Palmer,US,2020-09-30 01:09:57,42.16,-72.33,71.01,100,90,5.82
128,Saldanha,ZA,2020-09-30 01:09:57,-33.01,17.94,50.0,81,4,6.93
129,Luena,AO,2020-09-30 01:09:57,-11.78,19.92,64.38,91,100,6.06
130,Axim,GH,2020-09-30 01:09:57,4.87,-2.24,75.69,92,97,9.15
131,Hasaki,JP,2020-09-30 00:59:23,35.73,140.83,72.0,68,20,12.75
132,Bethel,US,2020-09-30 01:07:42,41.37,-73.41,70.0,94,90,4.7
133,Vyshkov,RU,2020-09-30 01:09:58,52.48,31.69,53.6,81,100,11.18
134,Ostrovnoy,RU,2020-09-30 01:09:58,68.05,39.51,46.4,80,0,17.98
135,Lubon,PL,2020-09-30 01:09:58,52.35,16.89,55.99,93,75,2.24
136,Port Alfred,ZA,2020-09-30 01:09:58,-33.59,26.89,55.53,71,57,5.55
137,Kalmunai,LK,2020-09-30 01:09:59,7.42,81.82,79.21,79,100,6.42
138,Chizhou,CN,2020-09-30 01:06:59,30.66,117.48,71.22,81,1,8.05
139,Samarai,PG,2020-09-30 01:01:21,-10.62,150.67,79.29,84,19,16.98
140,Chuy,UY,2020-09-30 00:59:59,-33.7,-53.46,51.87,83,0,7.61
141,Sambava,MG,2020-09-30 01:02:15,-14.27,50.17,72.88,84,14,8.3
142,Krasnoselkup,RU,2020-09-30 01:09:59,65.7,82.47,36.0,82,99,6.78
143,Duma,CN,2020-09-30 01:09:59,34.77,108.14,66.2,82,100,13.42
144,Klaksvik,FO,2020-09-30 01:00:23,62.23,-6.59,51.8,81,91,21.92
145,Tazovskiy,RU,2020-09-30 00:58:10,67.47,78.7,37.06,91,65,10.98
146,Esperance,AU,2020-09-30 00:59:40,-33.87,121.9,59.0,100,0,11.41
147,Atherton,GB,2020-09-30 01:10:00,53.52,-2.49,48.99,92,0,3.0
148,Katsuura,JP,2020-09-30 01:00:05,35.13,140.3,73.99,51,1,3.0
149,Tahta,EG,2020-09-30 01:10:01,26.77,31.5,80.6,51,7,11.41
150,Taoudenni,ML,2020-09-30 01:00:55,22.68,-3.98,93.15,11,0,6.38
151,Novyy Urengoy,RU,2020-09-30 00:58:29,66.08,76.63,37.27,81,100,9.91
152,Victoria,HK,2020-09-30 01:05:47,22.29,114.16,86.0,84,34,1.01
153,Svetlogorsk,BY,2020-09-30 01:01:12,52.63,29.73,56.89,65,100,10.22
154,Tezu,IN,2020-09-30 01:10:01,27.92,96.17,79.63,61,76,1.39
155,Dharchula,IN,2020-09-30 01:10:02,29.85,80.53,61.59,41,0,4.18
156,Yuzhno-Sukhokumsk,RU,2020-09-30 01:10:02,44.66,45.64,60.78,47,100,22.3
157,Isangel,VU,2020-09-30 01:01:52,-19.55,169.27,77.0,78,75,11.41
158,Cyangugu,RW,2020-09-30 01:10:03,-2.48,28.91,60.39,84,3,1.81
159,Kutum,SD,2020-09-30 01:10:04,14.2,24.67,76.55,60,92,3.36
160,Nishihara,JP,2020-09-30 01:10:04,26.18,127.76,82.4,88,75,9.17
161,Zemio,CF,2020-09-30 01:10:04,5.03,25.14,68.43,97,99,2.91
162,Abashiri,JP,2020-09-30 01:10:04,44.02,144.27,57.2,82,75,4.7
163,Codrington,AU,2020-09-30 01:00:35,-38.27,141.97,57.9,88,100,15.68
164,Mount Isa,AU,2020-09-30 00:57:50,-20.73,139.5,93.2,20,42,4.7
165,Hirara,JP,2020-09-30 01:10:05,24.8,125.28,80.6,61,75,10.29
166,Cache Creek,CA,2020-09-30 01:10:05,50.81,-121.32,73.4,31,1,4.7
167,Filadelfia,US,2020-09-30 00:56:59,39.95,-75.16,71.6,94,90,5.82
168,Ancud,CL,2020-09-30 01:00:01,-41.87,-73.82,37.99,93,100,5.82
169,Dunavecse,HU,2020-09-30 01:10:05,46.91,18.97,54.0,87,40,11.41
170,Santo Tomas,PH,2020-09-30 01:10:06,14.11,121.14,87.01,79,40,6.93
171,Lichinga,MZ,2020-09-30 01:10:06,-13.31,35.24,60.75,56,0,4.14
172,Margate,GB,2020-09-30 01:09:08,51.38,1.39,55.0,99,100,1.99
173,Iquitos,PE,2020-09-30 01:10:06,-3.75,-73.25,73.4,94,75,1.12
174,Castro,BR,2020-09-30 01:10:07,-24.79,-50.01,64.38,93,1,4.29
175,Batsfjord,NO,2020-09-30 01:10:07,70.63,29.72,48.11,81,14,6.22
176,Deer Lake,CA,2020-09-30 01:10:07,49.17,-57.43,66.2,88,40,2.24
177,Asosa,ET,2020-09-30 01:10:07,10.07,34.53,62.4,99,100,3.44
178,Marsabit,KE,2020-09-30 01:10:08,2.33,37.99,62.6,92,80,16.73
179,Tiznit,MA,2020-09-30 01:10:08,29.58,-9.5,69.17,66,0,1.61
180,Pandan,PH,2020-09-30 01:10:08,14.05,124.17,86.4,64,100,3.24
181,Shache,CN,2020-09-30 01:10:09,38.42,77.24,52.45,43,58,5.77
182,Lyubim,RU,2020-09-30 01:10:09,58.36,40.68,47.03,80,100,5.26
183,Three Hills,CA,2020-09-30 01:07:58,51.7,-113.27,48.0,44,95,12.48
184,Puerto Escondido,MX,2020-09-30 01:10:09,15.85,-97.07,82.4,65,90,1.79
185,Uarini,BR,2020-09-30 01:10:10,-2.99,-65.11,70.36,96,100,2.82
186,Caravelas,BR,2020-09-30 00:58:43,-17.71,-39.25,74.08,85,0,7.0
187,Farafangana,MG,2020-09-30 01:10:10,-22.82,47.83,67.53,91,3,7.2
188,Quepos,CR,2020-09-30 01:10:10,9.42,-84.17,69.8,100,90,2.24
189,Merauke,ID,2020-09-30 01:01:46,-8.47,140.33,84.36,61,0,12.01
190,East London,ZA,2020-09-30 01:10:11,-33.02,27.91,58.5,69,71,2.68
191,Lata,PT,2020-09-30 01:10:11,40.16,-8.33,64.0,88,100,1.68
192,Cidreira,BR,2020-09-30 01:01:15,-30.18,-50.21,63.52,82,25,22.06
193,Ayan,RU,2020-09-30 01:10:11,56.45,138.17,49.35,63,100,9.69
194,Grindavik,IS,2020-09-30 01:10:11,63.84,-22.43,39.2,86,75,3.36
195,Mataram,ID,2020-09-30 01:10:12,-8.58,116.12,82.4,74,20,9.17
196,Zomin,UZ,2020-09-30 01:10:12,39.96,68.4,52.74,71,100,2.04
197,Yar-Sale,RU,2020-09-30 01:01:32,66.83,70.83,40.73,85,100,2.73
198,Kautokeino,NO,2020-09-30 01:10:12,69.01,23.04,40.46,94,56,7.25
199,Kieta,PG,2020-09-30 01:10:12,-6.22,155.63,85.28,67,25,5.28
200,Pevek,RU,2020-09-30 01:10:13,69.7,170.31,39.45,74,100,19.26
201,Helong,CN,2020-09-30 01:10:13,42.54,129.0,55.22,55,6,4.36
202,San Vicente,AR,2020-09-30 01:01:57,-26.62,-54.13,73.0,65,79,3.0
203,Constitucion,CL,2020-09-30 01:10:13,-35.33,-72.42,50.63,88,100,13.67
204,Cabinda,AO,2020-09-30 01:10:14,-5.55,12.2,74.01,80,62,6.35
205,Skjervoy,NO,2020-09-30 01:10:14,70.03,20.97,51.31,85,97,10.18
206,Namibe,AO,2020-09-30 01:10:14,-15.2,12.15,62.91,84,84,6.64
207,Torquay,GB,2020-09-30 01:10:14,50.46,-3.51,51.01,9,100,1.01
208,Dong Xoai,VN,2020-09-30 01:10:14,11.53,106.92,78.12,87,99,2.93
209,Gobabis,NA,2020-09-30 01:01:26,-22.45,18.97,51.28,32,90,9.44
210,Sao Filipe,CV,2020-09-30 00:59:43,14.9,-24.5,79.5,75,16,10.2
211,Lompoc,US,2020-09-30 01:08:04,34.64,-120.46,62.6,82,1,14.99
212,Amapa,BR,2020-09-30 01:01:34,1.0,-52.0,76.68,75,100,5.01
213,Kiomboi,TZ,2020-09-30 01:09:08,-4.27,34.37,64.27,75,32,3.71
214,Svetlyy,RU,2020-09-30 01:10:15,54.67,20.13,48.2,100,79,2.24
215,Bengkulu,ID,2020-09-30 01:06:12,-3.8,102.27,79.5,77,86,7.83
216,Vestmannaeyjar,IS,2020-09-30 01:01:30,63.44,-20.27,43.81,74,5,10.58
217,Boyolangu,ID,2020-09-30 01:10:16,-8.12,111.89,80.83,72,47,7.49
218,Verkhoyansk,RU,2020-09-30 01:01:03,67.54,133.38,38.32,66,9,23.22
219,Longyearbyen,SJ,2020-09-30 01:10:16,78.22,15.64,44.6,75,75,19.46
220,Jiexiu,CN,2020-09-30 01:10:16,37.02,111.91,60.4,68,20,3.0
221,Tura,IN,2020-09-30 00:56:53,25.52,90.22,75.83,88,26,3.02
222,Jieshi,CN,2020-09-30 01:10:16,22.81,115.83,84.0,82,74,9.19
223,Luderitz,NA,2020-09-30 00:59:11,-26.65,15.16,57.06,57,0,21.05
224,Nanortalik,GL,2020-09-30 01:00:37,60.14,-45.24,35.31,77,0,19.46
225,Changping,CN,2020-09-30 01:09:42,40.22,116.22,62.01,82,0,4.47
226,Soe,ID,2020-09-30 01:10:17,-9.86,124.28,82.24,42,100,8.93
227,Tual,ID,2020-09-30 01:10:17,-5.67,132.75,81.59,80,18,18.97
228,Caxito,AO,2020-09-30 01:10:17,-8.58,13.66,73.4,83,75,2.24
229,Sao Jose Da Coroa Grande,BR,2020-09-30 01:10:18,-8.9,-35.15,74.95,79,26,9.31
230,Palmas Bellas,PA,2020-09-30 01:10:18,9.23,-80.09,81.0,83,100,5.99
231,Byron Bay,AU,2020-09-30 01:06:06,-28.65,153.62,69.01,49,100,9.17
232,Mareeba,AU,2020-09-30 01:10:18,-17.0,145.43,80.01,61,90,8.05
233,Paamiut,GL,2020-09-30 01:02:09,61.99,-49.67,32.0,79,0,10.94
234,Shiyan,CN,2020-09-30 01:10:19,32.65,110.78,67.77,76,42,7.11
235,Montepuez,MZ,2020-09-30 01:08:05,-13.13,39.0,66.29,91,96,5.53
236,Kaeo,NZ,2020-09-30 01:02:02,-35.1,173.78,59.31,49,81,6.02
237,Jalu,LY,2020-09-30 01:01:09,29.03,21.55,77.07,56,0,10.92
238,Madang,PG,2020-09-30 01:10:19,-5.22,145.8,87.76,63,9,6.78
239,Nome,US,2020-09-30 01:01:59,64.5,-165.41,43.0,60,75,8.05
240,Viedma,AR,2020-09-30 01:10:19,-40.81,-63.0,57.06,36,100,5.48
241,Vao,NC,2020-09-30 01:10:20,-22.67,167.48,67.15,76,0,21.97
242,Dembi Dolo,ET,2020-09-30 01:10:20,8.53,34.8,56.71,100,100,0.94
243,Aginskoye,RU,2020-09-30 01:10:20,51.1,114.53,45.64,56,59,3.71
244,La Libertad,EC,2020-09-30 01:10:21,-2.23,-80.9,67.35,85,70,9.69
245,Mercedes,AR,2020-09-30 01:07:18,-34.65,-59.43,64.99,31,0,4.0
246,Iralaya,HN,2020-09-30 01:10:21,15.0,-83.23,84.2,79,75,6.93
247,Verkhnyaya Toyma,RU,2020-09-30 01:10:21,62.23,45.0,47.52,90,73,4.34
248,Karasjok,NO,2020-09-30 01:10:21,69.47,25.51,44.6,93,40,16.11
249,Mahebourg,MU,2020-09-30 01:00:30,-20.41,57.7,71.6,88,75,6.93
250,Komsomolskiy,UZ,2020-09-30 01:10:22,40.43,71.72,55.4,58,100,2.24
251,Talnakh,RU,2020-09-30 01:10:22,69.49,88.4,32.0,96,2,8.95
252,Los Llanos De Aridane,ES,2020-09-30 00:58:07,28.66,-17.92,71.6,78,75,8.05
253,Te Anau,NZ,2020-09-30 01:10:22,-45.42,167.72,44.92,80,4,2.51
254,Buala,SB,2020-09-30 00:59:24,-8.14,159.59,85.71,62,10,5.46
255,Elliot,ZA,2020-09-30 01:10:23,-31.33,27.85,38.07,87,39,2.59
256,Aragarcas,BR,2020-09-30 01:10:23,-15.9,-52.25,83.97,20,0,0.56
257,Kanye,BW,2020-09-30 01:10:23,-24.97,25.33,46.09,36,0,5.14
258,Carnarvon,AU,2020-09-30 01:00:44,-24.87,113.63,66.2,59,0,16.11
259,Pangnirtung,CA,2020-09-30 01:10:24,66.15,-65.71,27.16,87,0,5.1
260,Atar,MR,2020-09-30 01:01:30,20.52,-13.05,89.82,28,0,7.61
261,Paso De Carrasco,UY,2020-09-30 01:10:24,-34.86,-56.05,62.6,51,0,5.82
262,Ukiah,US,2020-09-30 01:07:19,39.15,-123.21,89.6,19,90,11.41
263,Port Lincoln,AU,2020-09-30 01:00:49,-34.73,135.87,62.13,70,100,21.03
264,Sorong,ID,2020-09-30 01:07:10,-0.88,131.25,79.16,79,100,1.3
265,Marquette,US,2020-09-30 01:05:40,46.53,-87.63,52.0,95,100,4.43
266,Bandundu,CD,2020-09-30 01:10:24,-3.32,17.37,72.77,87,85,2.21
267,Neiafu,TO,2020-09-30 01:10:25,-18.65,-173.98,82.4,78,40,12.75
268,La Baule-Escoublac,FR,2020-09-30 01:10:25,47.29,-2.36,62.6,88,90,9.17
269,Havoysund,NO,2020-09-30 01:10:25,71.0,24.66,50.0,87,75,5.82
270,Broome,US,2020-09-30 00:58:40,42.25,-75.83,55.99,100,90,6.93
271,Ocos,GT,2020-09-30 01:10:25,14.51,-92.19,82.4,88,40,5.82
272,Cap Malheureux,MU,2020-09-30 01:10:26,-19.98,57.61,70.0,88,88,3.0
273,Diffa,NE,2020-09-30 01:10:26,13.32,12.61,79.23,70,100,8.7
274,Grand Gaube,MU,2020-09-30 01:00:28,-20.01,57.66,70.0,88,91,3.0
275,Batagay-Alyta,RU,2020-09-30 01:10:26,67.8,130.41,33.51,77,100,10.2
276,Pokrovsk,UA,2020-09-30 01:10:26,48.28,37.18,58.95,43,100,19.19
277,Solnechnyy,RU,2020-09-30 01:10:27,50.72,136.63,49.55,68,78,4.0
278,Bangkal,PH,2020-09-30 01:10:27,6.07,121.07,84.43,67,94,3.09
279,Maracacume,BR,2020-09-30 01:10:27,-2.04,-45.96,74.03,92,0,3.02
280,Petauke,ZM,2020-09-30 01:10:27,-14.24,31.33,67.82,48,16,4.52
281,Port Hardy,CA,2020-09-30 00:56:32,50.7,-127.42,66.2,77,20,2.15
282,Repatriacion,PY,2020-09-30 01:10:28,-25.53,-55.95,82.58,47,100,7.29
283,Kontagora,NG,2020-09-30 01:10:28,10.4,5.47,71.44,95,32,3.62
284,Acari,PE,2020-09-30 01:10:28,-15.43,-74.62,64.08,63,63,4.79
285,Kanniyakumari,IN,2020-09-30 01:10:29,8.08,77.57,79.09,80,62,15.68
286,Medford,US,2020-09-30 01:08:03,42.33,-122.88,96.8,9,1,5.82
287,Hambantota,LK,2020-09-30 01:10:29,6.12,81.12,75.2,100,40,5.82
288,Teya,RU,2020-09-30 01:10:29,60.38,92.63,31.01,93,100,4.7
289,Cheyenne,US,2020-09-30 01:07:23,41.14,-104.82,73.4,9,1,18.34
290,Iqaluit,CA,2020-09-30 01:00:43,63.75,-68.51,28.4,74,40,10.29
291,Kangalassy,RU,2020-09-30 01:10:30,62.35,129.96,39.2,55,0,6.71
292,Touros,BR,2020-09-30 01:00:57,-5.2,-35.46,73.4,88,20,3.36
293,Airai,TL,2020-09-30 01:10:30,-8.93,125.41,76.08,40,100,5.97
294,Lebu,CL,2020-09-30 00:59:55,-37.62,-73.65,48.18,86,58,13.6
295,Saucillo,MX,2020-09-30 01:10:31,28.02,-105.28,68.49,25,0,4.32
296,Quelimane,MZ,2020-09-30 01:01:07,-17.88,36.89,75.2,94,20,10.29
297,Arman,RU,2020-09-30 01:10:31,59.7,150.17,45.79,76,100,4.74
298,Port Macquarie,AU,2020-09-30 01:06:16,-31.43,152.92,70.0,50,100,3.0
299,Bud,US,2020-09-30 01:01:07,39.45,-86.18,54.0,71,1,3.36
300,Bilma,NE,2020-09-30 01:10:31,18.69,12.92,90.37,12,2,8.61
301,Lorengau,PG,2020-09-30 01:10:32,-2.02,147.27,85.96,68,100,9.98
302,Zhigansk,RU,2020-09-30 01:02:13,66.77,123.37,33.03,90,100,18.92
303,Moose Factory,CA,2020-09-30 01:10:32,51.26,-80.61,51.8,93,90,5.82
304,Sitka,US,2020-09-30 01:10:32,57.05,-135.33,53.6,81,90,8.05
305,Ndele,CF,2020-09-30 01:10:32,8.41,20.65,70.36,97,100,3.94
306,Russkaya Polyana,UA,2020-09-30 01:10:32,49.42,31.92,60.76,78,100,12.44
307,Tabuk,PH,2020-09-30 01:10:33,17.42,121.44,82.02,71,100,2.1
308,Panaba,MX,2020-09-30 01:02:00,21.28,-88.27,80.1,79,98,6.78
309,Remanso,BR,2020-09-30 01:10:33,-9.62,-42.08,79.21,43,0,5.95
310,Gaoual,GN,2020-09-30 01:10:33,11.75,-13.2,75.43,92,100,2.24
311,Avesta,SE,2020-09-30 01:10:33,60.15,16.17,51.01,98,61,3.78
312,Calvinia,ZA,2020-09-30 01:00:36,-31.47,19.78,48.69,44,0,5.17
313,Angoche,MZ,2020-09-30 01:01:13,-16.23,39.91,72.34,93,1,6.55
314,Nantucket,US,2020-09-30 01:10:34,41.28,-70.1,66.2,93,90,9.17
315,Westport,US,2020-09-30 01:06:15,41.14,-73.36,71.6,94,90,3.36
316,Namatanai,PG,2020-09-30 01:10:34,-3.67,152.43,85.21,69,100,3.15
317,Yerbogachen,RU,2020-09-30 01:01:57,61.28,108.01,31.5,88,0,4.12
318,Wanning,CN,2020-09-30 01:10:35,18.8,110.4,82.38,81,98,0.22
319,Lagoa,PT,2020-09-30 01:10:35,39.05,-27.98,66.58,69,53,8.12
320,Ordzhonikidze,KZ,2020-09-30 01:10:35,52.44,61.74,46.65,94,1,5.57
321,La Ronge,CA,2020-09-30 01:10:35,55.1,-105.28,55.4,47,75,13.87
322,Yulara,AU,2020-09-30 01:02:01,-25.24,130.99,73.4,46,0,12.75
323,Nouadhibou,MR,2020-09-30 01:10:36,20.93,-17.03,71.6,73,0,18.34
324,Acarau,BR,2020-09-30 00:57:48,-2.89,-40.12,77.85,82,0,16.42
325,Muisne,EC,2020-09-30 01:10:36,0.6,-80.03,73.53,84,94,9.57
326,Fukue,JP,2020-09-30 01:09:39,32.69,128.84,73.4,73,40,10.29
327,Chapais,CA,2020-09-30 01:10:36,49.78,-74.85,53.6,76,90,6.93
328,Churapcha,RU,2020-09-30 01:10:36,62.0,132.43,39.56,70,2,8.55
329,Macapa,BR,2020-09-30 01:10:37,0.04,-51.07,84.2,79,23,13.87
330,Amalapuram,IN,2020-09-30 01:10:37,16.58,82.02,78.8,88,90,5.82
331,Kupang,ID,2020-09-30 01:10:37,-10.17,123.58,89.6,46,20,11.41
332,Barkot,IN,2020-09-30 01:10:38,30.82,78.2,59.52,40,0,3.89
333,Visby,SE,2020-09-30 01:10:38,57.64,18.3,39.2,100,0,2.24
334,Ler,SS,2020-09-30 01:10:38,8.3,30.14,70.57,87,100,4.27
335,Gariadhar,IN,2020-09-30 01:10:38,21.53,71.58,75.31,86,0,6.4
336,Tres Arroyos,AR,2020-09-30 01:10:39,-38.37,-60.28,58.05,77,12,10.74
337,Sredniy Ikorets,RU,2020-09-30 01:10:39,51.07,39.76,56.25,37,100,14.2
338,Hilo,US,2020-09-30 01:09:14,19.73,-155.09,84.2,70,1,11.41
339,Ucluelet,CA,2020-09-30 01:00:24,48.93,-125.55,69.01,68,20,3.36
340,Nikolskoye,RU,2020-09-30 01:10:39,59.7,30.79,52.0,93,75,2.24
341,Neijiang,CN,2020-09-30 01:09:20,29.58,105.06,69.78,76,34,0.72
342,Reo,BF,2020-09-30 01:10:39,12.32,-2.47,79.36,73,64,8.28
343,Hualmay,PE,2020-09-30 01:10:39,-11.1,-77.61,61.45,85,46,7.94
344,Limerick,IE,2020-09-30 01:10:40,52.66,-8.62,57.2,93,75,20.8
345,Antonina,BR,2020-09-30 01:10:40,-25.43,-48.71,59.0,100,90,6.93
346,Dawson Creek,CA,2020-09-30 01:00:43,55.77,-120.24,57.2,33,1,4.7
347,Bubaque,GW,2020-09-30 01:10:40,11.28,-15.83,81.75,80,73,7.72
348,Muli,MV,2020-09-30 01:10:40,2.92,73.57,82.4,76,100,9.26
349,Muros,ES,2020-09-30 01:10:40,42.78,-9.06,53.01,88,7,1.99
350,Salina,US,2020-09-30 01:09:23,38.84,-97.61,75.2,22,1,5.82
351,Kuytun,RU,2020-09-30 01:10:41,54.34,101.5,33.82,90,100,13.98
352,Flin Flon,CA,2020-09-30 01:00:09,54.77,-101.86,48.16,81,100,8.21
353,Elban,RU,2020-09-30 01:10:41,50.1,136.51,52.03,67,65,5.59
354,Palestina,PS,2020-09-30 01:09:15,31.92,35.2,77.0,83,0,4.7
355,Christchurch,NZ,2020-09-30 01:10:38,-43.53,172.63,55.4,28,4,14.99
356,Antalaha,MG,2020-09-30 01:10:42,-14.9,50.28,71.13,89,3,5.91
357,Tasiilaq,GL,2020-09-30 01:10:42,65.61,-37.64,32.0,92,100,4.7
358,Ambah,IN,2020-09-30 01:10:42,26.71,78.23,76.42,41,0,3.94
359,Mikhaylovka,RU,2020-09-30 01:09:26,50.06,43.24,51.01,47,100,5.99
360,Shanting,CN,2020-09-30 01:10:42,35.08,117.46,66.65,59,0,6.67
361,Lasa,IT,2020-09-30 01:10:43,46.62,10.7,45.0,94,65,4.79
362,Chekhov,RU,2020-09-30 01:10:43,55.14,37.47,48.2,65,8,8.95
363,Naliya,IN,2020-09-30 01:10:43,23.27,68.83,78.75,80,0,9.24
364,Korla,CN,2020-09-30 01:00:47,41.76,86.15,50.0,87,0,4.36
365,Porto Walter,BR,2020-09-30 01:00:45,-8.27,-72.74,73.74,95,100,0.27
366,Bin Qirdan,TN,2020-09-30 01:10:43,33.14,11.22,74.52,74,0,6.58
367,Coihaique,CL,2020-09-30 01:10:44,-45.58,-72.07,39.2,51,20,5.82
368,Cayce,US,2020-09-30 01:10:44,33.97,-81.07,66.2,93,75,7.0
369,Vega De Alatorre,MX,2020-09-30 01:10:44,20.03,-96.63,74.23,49,100,22.64
370,Medak,IN,2020-09-30 01:01:36,18.03,78.27,73.99,79,74,1.99
371,Baicheng,CN,2020-09-30 01:10:44,45.62,122.82,54.99,51,10,1.83
372,Kaitangata,NZ,2020-09-30 01:10:45,-46.28,169.85,42.42,86,100,11.74
373,Kuragino,RU,2020-09-30 01:10:45,53.9,92.67,34.59,86,97,7.92
374,Luwuk,ID,2020-09-30 01:10:45,-0.95,122.79,83.71,67,26,3.29
375,Puerto Leguizamo,CO,2020-09-30 01:10:45,-0.19,-74.78,70.66,98,100,3.87
376,Maldonado,UY,2020-09-30 01:10:46,-34.67,-54.92,59.0,72,0,6.93
377,Udachnyy,RU,2020-09-30 01:10:46,66.42,112.4,23.0,92,90,6.71
378,Povenets,RU,2020-09-30 01:10:46,62.85,34.83,49.64,91,100,5.26
379,Araripe,BR,2020-09-30 01:10:46,-7.21,-40.05,76.8,29,53,9.89
380,Takoradi,GH,2020-09-30 01:07:53,4.88,-1.76,75.63,93,100,9.62
381,Chifeng,CN,2020-09-30 01:10:47,42.27,118.96,53.2,41,0,4.29
382,Chalus,IR,2020-09-30 01:10:47,36.66,51.42,64.4,82,75,2.24
383,Astoria,US,2020-09-30 01:10:47,46.19,-123.83,77.0,61,1,3.36
384,Lugovoy,KZ,2020-09-30 01:10:47,42.95,72.76,46.49,49,100,3.11
385,San Patricio,MX,2020-09-30 01:10:48,19.22,-104.7,86.0,74,75,5.82
386,Jakar,BT,2020-09-30 01:10:48,27.55,90.75,57.54,68,20,1.43
387,Sungairaya,ID,2020-09-30 01:10:48,0.7,108.9,82.31,74,69,4.45
388,Harper,LR,2020-09-30 01:10:48,4.38,-7.72,76.51,90,63,9.69
389,Kargil,IN,2020-09-30 01:10:49,34.57,76.1,37.11,71,0,3.18
390,Sabha,LY,2020-09-30 01:01:39,27.04,14.43,80.98,20,0,7.56
391,Hunchun,CN,2020-09-30 01:10:49,42.87,130.36,60.06,54,100,2.35
392,Saint-Augustin,CA,2020-09-30 01:10:49,51.23,-58.65,60.13,92,49,16.96
393,Sandila,IN,2020-09-30 01:10:50,27.08,80.52,75.2,88,75,2.24
394,Chara,RU,2020-09-30 01:10:50,56.91,118.26,42.69,66,100,0.16
395,Bandarbeyla,SO,2020-09-30 01:10:50,9.49,50.81,77.31,80,22,18.48
396,Flinders,AU,2020-09-30 01:01:11,-34.58,150.86,68.0,62,100,4.0
397,Rozkishne,UA,2020-09-30 01:10:50,48.5,37.59,59.29,42,100,19.66
398,San Ramon,US,2020-09-30 01:08:07,37.78,-121.98,96.8,20,1,10.29
399,Beaverlodge,CA,2020-09-30 01:10:51,55.22,-119.44,55.4,28,75,9.17
400,Kirksville,US,2020-09-30 01:10:51,40.19,-92.58,57.2,76,75,5.82
401,Egvekinot,RU,2020-09-30 01:10:51,66.32,-179.17,34.29,89,99,3.51
402,Shimoda,JP,2020-09-30 01:10:51,34.67,138.95,69.8,68,40,16.11
403,Karema,TZ,2020-09-30 01:10:52,-6.82,30.44,74.12,76,21,7.18
404,Valparaiso,CL,2020-09-30 00:56:48,-33.04,-71.63,51.8,76,0,4.7
405,Jumla,NP,2020-09-30 01:01:08,29.27,82.18,54.55,56,0,4.25
406,Race,SI,2020-09-30 01:10:52,46.45,15.68,50.0,93,83,3.06
407,Moyale,KE,2020-09-30 01:10:52,3.52,39.06,67.86,79,100,14.61
408,Paducah,US,2020-09-30 01:10:52,37.08,-88.6,59.0,62,90,3.36
409,Dumas,US,2020-09-30 01:08:43,35.87,-101.97,72.0,19,1,2.55
410,Salalah,OM,2020-09-30 01:07:18,17.02,54.09,75.2,83,20,4.7
411,Vila Do Maio,CV,2020-09-30 01:10:53,15.13,-23.22,78.8,78,20,11.41
412,Pakozd,HU,2020-09-30 01:10:53,47.21,18.53,55.0,86,70,11.01
413,Ocampo,MX,2020-09-30 01:10:53,21.65,-101.5,54.18,71,87,13.78
414,Goundam,ML,2020-09-30 01:10:53,16.41,-3.67,95.31,24,44,3.71
415,Serafimovich,RU,2020-09-30 01:10:53,49.58,42.74,51.01,47,100,5.99
416,Misratah,LY,2020-09-30 01:07:14,32.38,15.09,76.28,66,0,7.05
417,Raymondville,US,2020-09-30 01:10:54,26.48,-97.78,73.4,27,1,3.36
418,Szecseny,HU,2020-09-30 01:10:54,48.08,19.52,54.0,93,100,1.12
419,Mandera,KE,2020-09-30 01:10:54,3.94,41.87,77.49,66,0,12.71
420,Maniitsoq,GL,2020-09-30 01:10:54,65.42,-52.9,28.98,88,28,8.32
421,Nieuwpoort,BE,2020-09-30 01:10:54,51.12,2.77,55.0,100,3,2.24
422,Roald,NO,2020-09-30 01:10:55,62.58,6.13,51.8,100,100,6.93
423,Alice Springs,AU,2020-09-30 01:07:48,-23.7,133.88,75.0,40,0,13.87
424,Athabasca,CA,2020-09-30 01:10:55,54.72,-113.29,51.13,46,0,11.83
425,Coolum Beach,AU,2020-09-30 01:10:55,-26.53,153.1,75.0,57,2,4.0
426,Waki,JP,2020-09-30 01:10:55,34.07,134.15,72.0,94,75,1.12
427,Pangai,TO,2020-09-30 01:02:12,-19.8,-174.35,82.4,74,40,13.87
428,Dolores,AR,2020-09-30 01:10:56,-36.31,-57.68,53.47,89,1,6.02
429,Henties Bay,NA,2020-09-30 01:10:56,-22.12,14.28,51.01,92,0,1.01
430,Ponta Do Sol,PT,2020-09-30 01:10:56,32.67,-17.1,69.8,68,75,6.93
431,Lakes Entrance,AU,2020-09-30 01:10:56,-37.88,147.98,62.01,71,100,6.26
432,San Quintin,MX,2020-09-30 01:01:33,30.48,-115.95,82.04,44,0,8.95
433,Nemuro,JP,2020-09-30 00:59:12,43.32,145.57,59.0,87,75,2.24
434,Ornskoldsvik,SE,2020-09-30 01:10:57,63.29,18.72,48.2,100,90,2.24
435,Mastic Beach,US,2020-09-30 01:10:57,40.77,-72.85,71.6,83,90,12.75
436,Klaebu,NO,2020-09-30 01:10:57,63.3,10.48,59.0,72,63,11.41
437,Quatre Cocos,MU,2020-09-30 01:10:57,-20.21,57.76,70.0,94,40,6.93
438,Hofn,IS,2020-09-30 01:00:20,64.25,-15.21,48.76,93,100,23.38
439,Chokwe,MZ,2020-09-30 01:10:58,-24.53,32.98,67.59,80,100,14.83
440,Tanout,NE,2020-09-30 01:10:58,14.97,8.89,87.91,36,100,10.8
441,Coffs Harbour,AU,2020-09-30 00:57:54,-30.3,153.13,70.0,52,75,14.99
442,Rocha,UY,2020-09-30 01:10:58,-34.48,-54.33,50.88,79,0,7.2
443,Teknaf,BD,2020-09-30 01:10:59,20.86,92.31,80.06,88,74,6.55
444,Grand Forks,US,2020-09-30 01:10:59,47.93,-97.03,60.8,44,75,5.82
445,Ialibu,PG,2020-09-30 01:10:59,-6.28,143.99,65.66,85,82,2.93
446,Sur,OM,2020-09-30 01:10:59,22.57,59.53,81.19,47,0,4.83
447,Kiunga,PG,2020-09-30 01:10:59,-6.12,141.29,80.38,82,89,6.4
448,Coahuayana,MX,2020-09-30 01:01:05,18.73,-103.68,78.8,78,75,11.41
449,Lienz,AT,2020-09-30 01:11:00,46.83,12.77,44.71,65,1,4.74
450,Weiser,US,2020-09-30 01:11:00,44.25,-116.97,80.6,21,1,0.6
451,Riyadh,SA,2020-09-30 01:08:16,24.69,46.72,78.8,26,0,3.36
452,Boende,CD,2020-09-30 01:11:00,-0.22,20.87,69.66,98,100,2.33
453,Comodoro Rivadavia,AR,2020-09-30 00:56:44,-45.87,-67.5,37.4,100,92,6.22
454,Pochutla,MX,2020-09-30 01:11:00,15.74,-96.47,80.01,88,100,3.24
455,Cortez,US,2020-09-30 01:11:00,37.35,-108.59,71.6,18,1,3.36
456,Labrea,BR,2020-09-30 01:11:01,-7.26,-64.8,73.2,90,100,2.89
457,Sarkand,KZ,2020-09-30 01:11:01,45.41,79.92,38.19,62,0,3.2
458,Sorland,NO,2020-09-30 01:11:01,67.67,12.69,50.74,89,100,7.65
459,Chudovo,RU,2020-09-30 01:11:01,59.12,31.68,50.63,92,67,3.87
460,Vitim,RU,2020-09-30 01:11:02,59.45,112.56,33.04,94,100,8.79
461,Santa Maria Da Boa Vista,BR,2020-09-30 01:11:02,-8.81,-39.83,77.27,60,0,20.29
462,Lyngdal,NO,2020-09-30 01:11:02,58.14,7.07,55.99,95,100,13.87
463,Road Town,VG,2020-09-30 01:11:02,18.42,-64.62,82.99,88,0,20.0
464,Kurchum,KZ,2020-09-30 01:11:03,48.57,83.65,38.23,76,0,9.04
465,Tacoronte,ES,2020-09-30 01:11:03,28.48,-16.41,69.01,88,40,10.29
466,Lakatoro,VU,2020-09-30 01:11:03,-16.1,167.42,82.4,74,40,8.05
467,Aasiaat,GL,2020-09-30 01:11:03,68.71,-52.87,22.98,98,80,8.68
468,Ca Mau,VN,2020-09-30 01:11:03,9.18,105.15,82.47,77,100,5.3
469,Mpanda,TZ,2020-09-30 01:11:04,-6.37,31.04,69.31,76,12,2.8
470,Polson,US,2020-09-30 01:11:04,47.69,-114.16,73.0,39,0,1.01
471,Novobirilyussy,RU,2020-09-30 01:11:04,56.95,90.67,28.89,96,18,3.24
472,Manicore,BR,2020-09-30 01:11:04,-5.81,-61.3,80.74,66,43,0.36
473,Havre-Saint-Pierre,CA,2020-09-30 01:11:05,50.23,-63.6,62.6,88,1,6.93
474,Linxia,CN,2020-09-30 01:11:05,35.6,103.21,53.6,82,100,2.77
475,Sanmenxia,CN,2020-09-30 01:11:05,34.77,111.18,66.07,69,98,12.08
476,Portland,US,2020-09-30 01:01:09,45.52,-122.68,84.99,32,20,1.99
477,Chincha Alta,PE,2020-09-30 01:11:06,-13.41,-76.13,62.6,82,63,17.22
478,Amga,RU,2020-09-30 01:11:06,60.9,131.96,43.27,63,6,4.72
479,Moerai,PF,2020-09-30 01:11:06,-22.43,-151.33,72.36,73,100,17.34
480,Shaunavon,CA,2020-09-30 01:11:06,49.65,-108.42,54.48,41,5,19.98
481,Terrace,CA,2020-09-30 01:11:07,54.52,-128.6,55.4,82,90,14.99
482,Poum,NC,2020-09-30 01:11:07,-20.23,164.02,71.01,66,15,8.19
483,Zurrieq,MT,2020-09-30 01:11:07,35.83,14.47,69.01,88,20,5.82
484,Smithers,CA,2020-09-30 01:11:07,54.78,-127.17,55.4,76,90,3.36
485,Presidente Dutra,BR,2020-09-30 01:11:07,-5.29,-44.49,75.7,78,1,4.09
486,Baiquan,CN,2020-09-30 01:06:42,47.58,126.08,53.42,55,0,2.68
487,Dickinson,US,2020-09-30 01:08:59,29.46,-95.05,77.0,25,1,3.36
488,Ishigaki,JP,2020-09-30 01:11:08,24.34,124.16,78.8,65,75,8.05
489,Yaan,NG,2020-09-30 01:11:08,7.38,8.57,70.88,99,99,3.31
490,Lazaro Cardenas,MX,2020-09-30 01:11:09,17.96,-102.2,81.16,80,81,4.03
491,Belaya Gora,RU,2020-09-30 01:11:09,68.53,146.42,46.9,75,96,10.69
492,Letnyaya Stavka,RU,2020-09-30 01:11:09,45.43,43.45,55.67,64,45,19.53
493,Kahului,US,2020-09-30 01:11:09,20.89,-156.47,87.8,58,20,13.87
494,Kangaba,ML,2020-09-30 01:11:10,11.93,-8.42,75.76,81,1,3.58
495,Barro,BR,2020-09-30 01:11:10,-6.72,-38.87,78.75,45,0,5.66
496,Sangmelima,CM,2020-09-30 01:11:10,2.93,11.98,65.75,99,100,2.51
497,Hobyo,SO,2020-09-30 01:11:10,5.35,48.53,76.75,87,11,16.96
498,Mitchell,US,2020-09-30 01:09:03,43.71,-98.03,73.4,28,1,12.75
499,Beyneu,KZ,2020-09-30 01:11:11,45.32,55.2,49.82,50,0,8.25
500,Kheda,IN,2020-09-30 01:11:11,22.75,72.68,82.4,83,20,4.7
501,Newport,GB,2020-09-30 01:11:11,51.59,-3.0,50.0,92,69,10.71
502,Irgakly,RU,2020-09-30 01:11:11,44.36,44.76,58.35,63,99,17.78
503,Bambous Virieux,MU,2020-09-30 01:11:11,-20.34,57.76,70.0,94,40,6.93
504,Inhambane,MZ,2020-09-30 01:01:42,-23.86,35.38,72.75,84,85,6.35
505,Ahuimanu,US,2020-09-30 01:11:12,21.44,-157.84,89.6,62,1,9.17
506,Boddam,GB,2020-09-30 01:01:15,57.47,-1.78,50.0,93,75,11.41
507,Maceio,BR,2020-09-30 01:07:52,-9.67,-35.74,71.6,88,90,3.36
508,Tobol,KZ,2020-09-30 01:11:12,52.68,62.58,45.95,94,0,5.14
509,Kruisfontein,ZA,2020-09-30 01:11:12,-34.0,24.73,45.82,85,0,5.41
510,Siocon,PH,2020-09-30 01:01:17,7.71,122.14,84.67,64,15,2.13
511,Hanstholm,DK,2020-09-30 01:11:12,57.12,8.62,55.99,72,97,14.23
512,Puerto Ayacucho,VE,2020-09-30 01:11:13,5.66,-67.62,79.54,79,88,3.76
513,Kaka,TM,2020-09-30 01:11:13,37.35,59.61,45.41,53,0,3.4
514,Shu,KZ,2020-09-30 01:11:13,43.6,73.76,47.21,45,100,7.27
515,Adrar,MR,2020-09-30 01:01:57,20.5,-10.07,90.81,19,0,8.77
516,Yatou,CN,2020-09-30 01:11:14,37.15,122.38,64.15,59,0,15.35
517,Kokopo,PG,2020-09-30 01:11:14,-4.35,152.26,84.67,70,52,8.25
518,Arona,ES,2020-09-30 01:11:14,28.1,-16.68,73.4,64,20,10.29
519,Bac Lieu,VN,2020-09-30 01:11:15,9.29,105.72,81.68,81,97,8.55
520,Lahaina,US,2020-09-30 01:11:15,20.88,-156.68,87.8,52,20,16.11
521,Warmbad,NA,2020-09-30 01:11:15,-28.45,18.73,51.98,30,0,7.25
522,Safranbolu,TR,2020-09-30 01:11:15,41.25,32.69,58.62,79,20,2.19
523,Tongzi,CN,2020-09-30 01:11:15,28.78,105.09,69.69,77,0,1.23
524,Utica,US,2020-09-30 01:06:52,43.1,-75.23,55.4,93,90,1.54
525,Shalinskoye,RU,2020-09-30 01:11:16,55.72,93.76,27.97,97,0,3.24
526,Leshukonskoye,RU,2020-09-30 01:11:16,64.9,45.76,43.66,96,13,4.76
527,Itarema,BR,2020-09-30 01:11:16,-2.92,-39.92,78.12,82,0,16.4
528,Gorontalo,ID,2020-09-30 01:09:47,0.54,123.06,87.1,62,55,1.16
529,Vanavara,RU,2020-09-30 01:11:16,60.34,102.28,29.61,93,0,5.44
530,Beloha,MG,2020-09-30 01:02:14,-25.17,45.05,67.08,91,37,8.1
531,Baherden,TM,2020-09-30 01:11:17,38.44,57.43,46.76,50,0,2.19
532,Sumbe,AO,2020-09-30 01:11:17,-11.21,13.84,71.8,85,99,1.68
533,Vilcun,CL,2020-09-30 01:11:17,-38.65,-72.23,48.2,93,20,17.22
534,Porto Velho,BR,2020-09-30 01:11:17,-8.76,-63.9,75.2,94,40,2.24
535,Kavaratti,IN,2020-09-30 01:11:17,10.57,72.64,80.42,81,92,11.21
536,Aranos,NA,2020-09-30 01:11:18,-24.13,19.12,50.77,30,0,9.48
537,Machala,EC,2020-09-30 01:10:29,-3.27,-79.97,68.85,87,90,5.12
538,Ust-Ilimsk,RU,2020-09-30 01:11:18,58.0,102.66,29.32,94,0,4.9
539,Basco,PH,2020-09-30 01:11:18,20.45,121.97,81.59,81,11,14.25
540,Anadyr,RU,2020-09-30 01:11:19,64.75,177.48,44.6,75,20,11.18
541,Opuwo,NA,2020-09-30 01:11:19,-18.06,13.84,57.33,36,55,2.84
542,Ranong,TH,2020-09-30 01:08:08,9.97,98.63,77.0,94,75,7.9
543,The Valley,AI,2020-09-30 00:57:07,18.22,-63.06,84.2,79,20,9.17
544,Roebourne,AU,2020-09-30 01:01:38,-20.78,117.13,88.09,15,0,16.78
545,Bambanglipuro,ID,2020-09-30 01:11:19,-7.95,110.28,81.36,73,65,9.73
546,Sidi Ali,DZ,2020-09-30 01:02:00,36.1,0.42,69.53,80,98,4.38
547,Abong Mbang,CM,2020-09-30 01:11:20,3.98,13.18,65.68,99,100,2.01
548,Ketchikan,US,2020-09-30 01:01:41,55.34,-131.65,57.2,82,90,3.36
549,Zaoyang,CN,2020-09-30 01:11:20,32.13,112.75,68.95,72,0,4.74
550,Qaqortoq,GL,2020-09-30 01:11:20,60.72,-46.03,30.2,50,0,4.7
551,Hirado,JP,2020-09-30 01:11:21,33.36,129.55,71.6,78,40,1.12
552,Ewa Beach,US,2020-09-30 01:01:50,21.32,-158.01,89.6,62,1,10.29
553,Joao Camara,BR,2020-09-30 01:11:21,-5.54,-35.82,73.4,88,20,3.36
554,Petropavlovsk-Kamchatskiy,RU,2020-09-30 01:11:21,53.05,158.65,51.8,93,75,8.95
555,Grand Baie,MU,2020-09-30 01:11:21,-20.02,57.58,70.0,88,86,3.0
556,Gongzhuling,CN,2020-09-30 01:11:22,43.5,124.82,54.52,61,0,4.94
557,Cochrane,CA,2020-09-30 01:11:22,51.18,-114.47,55.4,62,90,11.41
558,Tawau,MY,2020-09-30 01:11:22,4.25,117.89,82.4,83,20,2.24
559,Seoul,KR,2020-09-30 01:08:36,37.57,126.98,68.0,72,71,2.19
560,Mahanoro,MG,2020-09-30 01:11:23,-19.9,48.8,66.92,88,0,3.51
561,Inongo,CD,2020-09-30 01:01:25,-1.95,18.27,69.6,88,65,2.95
562,Mago,RU,2020-09-30 01:11:23,53.25,140.18,48.27,91,100,8.12
563,Praya,CV,2020-09-30 01:11:23,14.92,-23.51,78.8,78,20,11.41
564,Ouagadougou,BF,2020-09-30 01:11:24,12.36,-1.54,78.8,78,98,5.82
565,Chinchina,CO,2020-09-30 01:07:09,4.98,-75.6,61.57,85,38,2.93
566,Sisimiut,GL,2020-09-30 01:11:24,66.94,-53.67,30.94,91,68,1.79
567,Cairns,AU,2020-09-30 01:11:24,-16.92,145.77,80.01,61,90,8.05
568,Kishtwar,IN,2020-09-30 01:11:25,33.32,75.77,51.71,43,0,4.36
569,Walvis Bay,NA,2020-09-30 01:11:25,-22.96,14.51,51.01,93,0,9.17
570,Ballina,AU,2020-09-30 01:11:25,-28.87,153.57,69.01,49,100,9.17
571,Erenhot,CN,2020-09-30 01:11:25,43.65,111.98,51.53,40,100,16.82
572,Kyra,RU,2020-09-30 01:11:26,49.58,111.98,41.95,64,100,2.13
